               epoch,      train/box_loss,      train/obj_loss,      train/cls_loss,   metrics/precision,      metrics/recall,     metrics/mAP_0.5,metrics/mAP_0.5:0.95,        val/box_loss,        val/obj_loss,        val/cls_loss,               x/lr0,               x/lr1,               x/lr2
                   0,            0.073705,            0.026726,            0.021404,             0.63569,             0.36082,             0.31925,             0.14154,            0.048007,            0.012555,            0.010859,            0.070079,           0.0033246,           0.0033246
                   1,            0.053115,            0.020382,           0.0089732,             0.79929,             0.47596,              0.4841,             0.21784,            0.043764,            0.011053,           0.0082236,            0.040046,            0.006625,            0.006625
                   2,            0.049008,            0.019087,           0.0070323,             0.85735,             0.50206,             0.58471,             0.29492,            0.040418,            0.011108,           0.0063779,           0.0099796,           0.0098924,           0.0098924
                   3,            0.045459,            0.018656,           0.0054426,              0.8527,             0.50377,             0.57751,             0.30478,            0.037704,            0.010554,           0.0047602,           0.0098515,           0.0098515,           0.0098515
                   4,            0.042269,            0.018287,           0.0044135,             0.65945,             0.65408,             0.66147,             0.32346,            0.035508,            0.010224,           0.0034438,           0.0098515,           0.0098515,           0.0098515
                   5,            0.040005,            0.017462,            0.003692,             0.69825,             0.62981,             0.66065,             0.35097,            0.033357,           0.0097962,           0.0022867,            0.009802,            0.009802,            0.009802
                   6,             0.03915,            0.016832,           0.0033229,             0.68547,             0.69133,              0.7204,             0.39298,            0.032855,           0.0095852,            0.002791,           0.0097525,           0.0097525,           0.0097525
                   7,            0.037512,            0.016589,           0.0030414,             0.75749,             0.65522,             0.70081,             0.39114,            0.032211,           0.0093457,           0.0030335,            0.009703,            0.009703,            0.009703
                   8,            0.037155,            0.016149,           0.0024904,             0.74715,               0.657,             0.69833,             0.39096,            0.030229,           0.0095856,           0.0029323,           0.0096535,           0.0096535,           0.0096535
                   9,            0.035642,            0.016103,           0.0024544,             0.85472,             0.76845,             0.83118,             0.43775,            0.029731,           0.0088746,           0.0022589,            0.009604,            0.009604,            0.009604
                  10,            0.034983,            0.015363,           0.0021425,             0.76338,             0.67704,             0.71622,             0.40785,            0.031221,           0.0089599,           0.0018076,           0.0095545,           0.0095545,           0.0095545
                  11,            0.034001,             0.01538,             0.00216,             0.83643,             0.75351,              0.8341,             0.45025,            0.029513,           0.0087006,           0.0012332,            0.009505,            0.009505,            0.009505
                  12,            0.033687,            0.015029,           0.0020875,             0.84468,             0.81411,             0.86611,             0.47794,            0.029279,           0.0085519,           0.0008937,           0.0094555,           0.0094555,           0.0094555
                  13,            0.034135,            0.015597,           0.0022798,             0.76957,             0.76008,             0.77155,             0.43443,            0.029383,           0.0093025,           0.0027094,            0.009406,            0.009406,            0.009406
                  14,            0.033031,            0.014809,           0.0017135,             0.85457,             0.82591,             0.85059,             0.49161,            0.028486,           0.0086016,           0.0020878,           0.0093565,           0.0093565,           0.0093565
                  15,            0.033143,            0.015008,           0.0017039,              0.7946,             0.83047,             0.81774,             0.45984,            0.029196,           0.0082682,           0.0013801,            0.009307,            0.009307,            0.009307
                  16,            0.033416,            0.014658,           0.0019237,             0.84471,              0.8411,             0.85685,             0.45869,            0.029236,           0.0084488,           0.0012488,           0.0092575,           0.0092575,           0.0092575
                  17,            0.032605,            0.014921,           0.0016476,             0.90818,             0.85208,             0.91376,             0.50513,            0.027992,             0.00802,           0.0013276,            0.009208,            0.009208,            0.009208
                  18,            0.031871,            0.014378,           0.0013176,              0.8629,             0.82636,             0.86177,             0.50859,            0.027267,           0.0081127,           0.0017726,           0.0091585,           0.0091585,           0.0091585
                  19,            0.031888,            0.014131,           0.0013425,             0.83286,             0.65525,             0.75802,             0.40794,            0.030757,           0.0099369,            0.002556,            0.009109,            0.009109,            0.009109
                  20,            0.031496,            0.013894,           0.0011859,             0.88709,             0.86038,             0.89729,             0.49715,            0.026303,           0.0079585,           0.0013442,           0.0090595,           0.0090595,           0.0090595
                  21,            0.030833,            0.013933,           0.0012331,             0.90433,             0.81452,               0.883,              0.4944,            0.027834,           0.0083109,           0.0016463,             0.00901,             0.00901,             0.00901
                  22,            0.030687,            0.013493,           0.0010948,             0.91219,             0.83663,             0.92444,               0.546,            0.027156,           0.0077562,          0.00088273,           0.0089605,           0.0089605,           0.0089605
                  23,             0.03045,            0.013484,           0.0012641,             0.81798,             0.88625,             0.88975,              0.5287,            0.026147,           0.0077917,          0.00078742,            0.008911,            0.008911,            0.008911
                  24,            0.029851,            0.013678,           0.0012239,             0.84923,             0.85669,             0.87003,             0.49801,             0.02722,           0.0079278,           0.0013048,           0.0088615,           0.0088615,           0.0088615
                  25,            0.029924,            0.013433,           0.0011575,             0.97398,             0.83196,             0.92417,             0.54772,            0.026851,           0.0079134,          0.00067622,            0.008812,            0.008812,            0.008812
                  26,            0.029922,            0.013583,           0.0011182,             0.90718,             0.89896,             0.93654,             0.53525,             0.02606,           0.0076414,          0.00085984,           0.0087625,           0.0087625,           0.0087625
                  27,            0.029457,            0.013348,          0.00092999,             0.93599,             0.87179,             0.93712,              0.5475,            0.026912,           0.0076407,          0.00092598,            0.008713,            0.008713,            0.008713
                  28,            0.029425,            0.013241,           0.0011449,             0.90644,             0.94124,             0.95843,             0.57428,            0.026272,            0.007526,           0.0008169,           0.0086635,           0.0086635,           0.0086635
                  29,            0.029259,            0.013334,          0.00096228,             0.92372,             0.86494,             0.90912,             0.54632,            0.026005,            0.007802,          0.00086483,            0.008614,            0.008614,            0.008614
                  30,            0.029098,             0.01316,          0.00099239,             0.91274,             0.83596,             0.90367,             0.54503,            0.026252,           0.0079177,          0.00059353,           0.0085645,           0.0085645,           0.0085645
                  31,            0.028957,            0.012829,          0.00086321,             0.90619,              0.8891,             0.93211,             0.56134,            0.026327,           0.0077253,          0.00055586,            0.008515,            0.008515,            0.008515
                  32,            0.029133,            0.012879,          0.00084515,             0.91084,             0.89478,             0.95089,             0.57163,            0.025691,           0.0075816,          0.00091808,           0.0084655,           0.0084655,           0.0084655
                  33,            0.028273,            0.013143,            0.001012,             0.91024,             0.84866,             0.94668,             0.56936,             0.02567,           0.0075921,           0.0012283,            0.008416,            0.008416,            0.008416
                  34,            0.028553,            0.012764,           0.0010293,             0.94052,             0.87075,             0.91208,             0.55835,            0.026249,           0.0077571,           0.0010538,           0.0083665,           0.0083665,           0.0083665
                  35,            0.028253,             0.01301,          0.00091584,             0.96955,             0.85812,              0.9571,             0.56582,            0.025665,           0.0073807,           0.0011964,            0.008317,            0.008317,            0.008317
                  36,            0.027768,            0.012993,          0.00084103,             0.89584,             0.81183,             0.90265,             0.53888,             0.02561,           0.0075567,           0.0013011,           0.0082675,           0.0082675,           0.0082675
                  37,            0.027516,            0.012599,          0.00086801,             0.96706,             0.88724,             0.94845,             0.56365,            0.026231,           0.0075763,           0.0011161,            0.008218,            0.008218,            0.008218
                  38,            0.027813,            0.012524,          0.00068853,              0.8864,             0.91339,             0.92273,             0.56447,            0.026044,           0.0075047,           0.0013243,           0.0081685,           0.0081685,           0.0081685
                  39,            0.027593,            0.012557,          0.00062258,             0.99343,             0.84685,             0.93543,             0.56058,             0.02694,           0.0073554,          0.00096856,            0.008119,            0.008119,            0.008119
                  40,            0.028104,            0.012573,          0.00091878,             0.96624,             0.84896,             0.91631,             0.56817,            0.025193,           0.0078134,           0.0022739,           0.0080695,           0.0080695,           0.0080695
                  41,            0.027546,            0.012545,           0.0010884,              0.9507,             0.84836,             0.91962,             0.57565,            0.025355,           0.0076421,           0.0017814,             0.00802,             0.00802,             0.00802
                  42,            0.027815,            0.012555,          0.00069142,             0.96128,             0.86192,             0.93704,             0.58697,            0.026676,           0.0076053,           0.0019111,           0.0079705,           0.0079705,           0.0079705
                  43,            0.027294,             0.01251,            0.000703,             0.93833,             0.90036,             0.95372,             0.58684,            0.025829,           0.0075774,           0.0016274,            0.007921,            0.007921,            0.007921
                  44,            0.027443,            0.012474,          0.00088269,             0.95842,             0.89892,             0.95164,             0.59157,            0.025671,           0.0074719,           0.0011842,           0.0078715,           0.0078715,           0.0078715
                  45,            0.026896,            0.012401,           0.0007952,             0.93202,             0.92058,             0.93424,             0.56488,            0.026303,           0.0077251,          0.00087024,            0.007822,            0.007822,            0.007822
                  46,            0.027223,            0.012186,          0.00083175,             0.94523,             0.91091,             0.95846,             0.59508,            0.025746,           0.0074509,           0.0012794,           0.0077725,           0.0077725,           0.0077725
                  47,            0.027353,            0.012148,          0.00097456,             0.94548,             0.91607,             0.95974,             0.61065,            0.024951,            0.007269,          0.00041463,            0.007723,            0.007723,            0.007723
                  48,            0.027112,            0.012163,          0.00069432,             0.88042,             0.90236,             0.93755,             0.59637,            0.025764,           0.0074839,          0.00078591,           0.0076735,           0.0076735,           0.0076735
                  49,            0.026741,            0.012209,           0.0010516,             0.93674,             0.93128,             0.94831,             0.59045,            0.025994,           0.0072746,           0.0012693,            0.007624,            0.007624,            0.007624
                  50,            0.026737,            0.012078,          0.00079055,             0.88108,             0.84936,             0.90435,             0.56363,            0.025564,           0.0075748,            0.001169,           0.0075745,           0.0075745,           0.0075745
                  51,             0.02672,            0.011948,          0.00074624,             0.98264,             0.87127,             0.94314,             0.59485,            0.025298,           0.0075263,           0.0011384,            0.007525,            0.007525,            0.007525
                  52,            0.026365,             0.01199,          0.00084236,             0.93613,             0.91758,             0.95667,             0.59766,            0.025463,           0.0073602,           0.0010187,           0.0074755,           0.0074755,           0.0074755
                  53,            0.026342,            0.011883,          0.00087092,             0.97286,             0.87722,             0.94287,             0.57251,            0.025496,           0.0075287,           0.0015928,            0.007426,            0.007426,            0.007426
                  54,            0.026091,            0.012002,          0.00052674,             0.95598,             0.91375,             0.96302,             0.61539,             0.02544,           0.0072552,           0.0015827,           0.0073765,           0.0073765,           0.0073765
                  55,            0.025803,            0.011795,          0.00058899,             0.94344,             0.83661,             0.92577,             0.57997,            0.025404,           0.0075334,           0.0011201,            0.007327,            0.007327,            0.007327
                  56,            0.025894,             0.01184,          0.00072602,             0.94296,             0.93464,             0.95592,              0.6045,            0.025321,           0.0075556,           0.0012352,           0.0072775,           0.0072775,           0.0072775
                  57,            0.025964,            0.011824,          0.00058671,             0.94809,             0.94072,             0.96146,             0.61669,            0.025073,           0.0073764,           0.0016385,            0.007228,            0.007228,            0.007228
                  58,            0.025513,            0.011568,          0.00056756,             0.94418,             0.93753,             0.96373,             0.60496,            0.025386,           0.0072327,           0.0013314,           0.0071785,           0.0071785,           0.0071785
                  59,            0.025611,            0.011659,          0.00051862,             0.97883,             0.86984,             0.93711,              0.6131,            0.024949,           0.0073107,            0.001943,            0.007129,            0.007129,            0.007129
                  60,            0.025392,            0.011603,          0.00069874,             0.98807,             0.90765,              0.9556,             0.61243,            0.025051,           0.0074565,           0.0017387,           0.0070795,           0.0070795,           0.0070795
                  61,            0.025615,            0.011833,          0.00086971,              0.9662,              0.9319,             0.96274,             0.61969,            0.024658,           0.0074222,           0.0010855,             0.00703,             0.00703,             0.00703
                  62,            0.025645,            0.011661,          0.00067992,             0.94526,             0.94288,              0.9591,             0.61293,            0.025297,           0.0073873,            0.001168,           0.0069805,           0.0069805,           0.0069805
                  63,            0.024949,            0.011918,          0.00085772,             0.97119,             0.91332,             0.96117,             0.61136,            0.025776,           0.0072425,          0.00082236,            0.006931,            0.006931,            0.006931
                  64,            0.025618,            0.011689,          0.00062685,             0.98029,             0.92108,             0.96071,             0.61155,            0.025553,           0.0072994,           0.0009167,           0.0068815,           0.0068815,           0.0068815
                  65,            0.025286,            0.011643,          0.00060018,             0.95697,             0.91721,             0.96641,             0.62266,            0.025381,           0.0074281,          0.00054214,            0.006832,            0.006832,            0.006832
                  66,            0.024997,            0.011509,          0.00045192,             0.96475,             0.89076,             0.96256,             0.61442,            0.025019,           0.0072159,           0.0011286,           0.0067825,           0.0067825,           0.0067825
                  67,            0.025289,            0.011472,          0.00058796,             0.94526,             0.90326,             0.94361,             0.62216,            0.024992,           0.0074155,           0.0009238,            0.006733,            0.006733,            0.006733
                  68,            0.024701,            0.011652,          0.00053667,             0.93777,             0.93712,             0.97042,             0.62238,            0.024874,           0.0072363,           0.0010606,           0.0066835,           0.0066835,           0.0066835
                  69,            0.024923,            0.011413,          0.00050279,             0.92762,              0.9433,             0.96293,              0.6168,            0.024827,           0.0072913,          0.00055879,            0.006634,            0.006634,            0.006634
                  70,            0.024971,            0.011391,          0.00043274,             0.96161,             0.89323,              0.9646,             0.60883,            0.024572,           0.0072542,           0.0011736,           0.0065845,           0.0065845,           0.0065845
                  71,            0.024786,            0.011369,          0.00055334,              0.9527,             0.88246,             0.92842,             0.60428,            0.024715,           0.0072237,           0.0015307,            0.006535,            0.006535,            0.006535
                  72,            0.024559,            0.011342,          0.00043372,             0.98209,             0.92136,             0.97103,             0.61718,            0.025044,           0.0071456,          0.00097918,           0.0064855,           0.0064855,           0.0064855
                  73,            0.024965,            0.011188,          0.00061774,             0.97152,             0.93132,             0.96723,             0.63453,            0.024787,           0.0074166,          0.00074917,            0.006436,            0.006436,            0.006436
                  74,              0.0247,            0.011378,          0.00063034,             0.95931,             0.89295,             0.96348,             0.62536,            0.024718,           0.0071844,          0.00099867,           0.0063865,           0.0063865,           0.0063865
                  75,            0.024477,            0.011296,          0.00049371,             0.96618,             0.94309,             0.97059,             0.63472,             0.02474,           0.0071114,           0.0012078,            0.006337,            0.006337,            0.006337
                  76,            0.024239,            0.011009,           0.0004683,             0.96804,             0.92811,             0.96099,             0.62416,            0.024627,           0.0071852,          0.00088718,           0.0062875,           0.0062875,           0.0062875
                  77,            0.024589,            0.011211,           0.0003575,             0.94769,             0.93744,             0.97152,             0.62684,            0.025077,           0.0073521,          0.00059106,            0.006238,            0.006238,            0.006238
                  78,            0.023924,            0.011106,          0.00039877,              0.9417,              0.9372,             0.97539,             0.63948,            0.025101,           0.0072232,          0.00066079,           0.0061885,           0.0061885,           0.0061885
                  79,            0.024228,            0.011055,          0.00064504,             0.96438,             0.91415,             0.97037,             0.62427,              0.0248,           0.0073614,           0.0008073,            0.006139,            0.006139,            0.006139
                  80,            0.024118,            0.011196,          0.00043248,             0.92779,             0.95929,             0.97717,             0.63481,            0.024909,           0.0074254,           0.0008409,           0.0060895,           0.0060895,           0.0060895
                  81,            0.023579,            0.010822,          0.00049593,             0.94907,                0.93,             0.96587,             0.62946,             0.02444,           0.0074421,          0.00092774,             0.00604,             0.00604,             0.00604
                  82,            0.023881,            0.010838,          0.00041848,             0.96994,             0.90447,             0.96562,             0.64561,            0.024877,           0.0073841,           0.0015385,           0.0059905,           0.0059905,           0.0059905
                  83,            0.023894,            0.011139,          0.00048347,             0.94719,             0.96624,             0.98255,             0.63537,            0.024382,            0.007271,          0.00086106,            0.005941,            0.005941,            0.005941
                  84,            0.023873,            0.010897,           0.0006587,             0.94832,               0.957,             0.97763,             0.62636,             0.02511,           0.0071782,           0.0010489,           0.0058915,           0.0058915,           0.0058915
                  85,            0.023916,            0.010942,          0.00057403,             0.96189,             0.94817,             0.98252,             0.62742,            0.024754,           0.0072243,          0.00064627,            0.005842,            0.005842,            0.005842
                  86,            0.023859,            0.011041,          0.00041798,             0.98616,             0.94912,             0.98407,             0.63017,            0.024769,           0.0072243,          0.00076448,           0.0057925,           0.0057925,           0.0057925
                  87,            0.023765,            0.010922,          0.00051453,              0.9327,             0.90553,             0.95888,             0.62262,            0.024556,            0.007332,          0.00088289,            0.005743,            0.005743,            0.005743
                  88,            0.023434,            0.010648,          0.00043644,             0.97464,             0.97144,             0.98776,             0.64124,            0.024319,           0.0073458,          0.00059753,           0.0056935,           0.0056935,           0.0056935
                  89,            0.023469,            0.010631,          0.00043038,             0.93457,             0.94598,             0.96863,             0.62148,            0.024715,            0.007259,           0.0012354,            0.005644,            0.005644,            0.005644
                  90,            0.023407,            0.010778,          0.00056506,             0.94297,             0.94327,             0.97972,             0.63054,             0.02443,           0.0074633,          0.00079675,           0.0055945,           0.0055945,           0.0055945
                  91,            0.023308,            0.010714,           0.0004648,             0.95565,             0.91172,              0.9659,             0.60805,            0.024058,           0.0073807,          0.00067575,            0.005545,            0.005545,            0.005545
                  92,            0.023446,            0.010757,          0.00045027,             0.99166,             0.91388,             0.97605,             0.62051,            0.024841,           0.0074542,          0.00085619,           0.0054955,           0.0054955,           0.0054955
                  93,             0.02303,            0.010869,          0.00040194,              0.9749,             0.95149,             0.97913,              0.6376,            0.024639,           0.0073996,          0.00074798,            0.005446,            0.005446,            0.005446
                  94,            0.023175,            0.010757,          0.00036209,             0.98198,             0.90777,             0.96785,             0.61707,            0.025035,           0.0072091,          0.00096897,           0.0053965,           0.0053965,           0.0053965
                  95,            0.023381,            0.010583,          0.00035764,             0.96479,             0.91465,             0.95567,             0.62749,            0.024251,           0.0072542,           0.0011682,            0.005347,            0.005347,            0.005347
                  96,            0.022803,            0.010754,          0.00036686,             0.96461,             0.90794,             0.96135,             0.62697,            0.024652,           0.0073261,          0.00084914,           0.0052975,           0.0052975,           0.0052975
                  97,            0.022807,            0.010432,          0.00040566,             0.98065,              0.9193,             0.98025,             0.64588,            0.024052,           0.0073116,          0.00086678,            0.005248,            0.005248,            0.005248
                  98,            0.022978,            0.010552,          0.00048221,             0.96111,             0.92444,             0.96357,             0.64784,            0.024591,           0.0073065,          0.00085014,           0.0051985,           0.0051985,           0.0051985
                  99,            0.023045,            0.010921,          0.00043049,              0.9302,             0.96041,             0.97565,             0.63175,            0.024367,           0.0073791,          0.00068021,            0.005149,            0.005149,            0.005149
                 100,            0.022434,            0.010503,          0.00026465,             0.95786,             0.95303,             0.97721,             0.63717,            0.024528,           0.0073178,          0.00083257,           0.0050995,           0.0050995,           0.0050995
                 101,            0.022227,            0.010535,          0.00032809,             0.97715,             0.89918,             0.97078,             0.63899,            0.024497,           0.0073081,          0.00070486,             0.00505,             0.00505,             0.00505
                 102,            0.022429,            0.010603,           0.0003563,              0.9372,             0.95975,             0.96699,             0.62449,            0.025189,           0.0072605,          0.00076232,           0.0050005,           0.0050005,           0.0050005
                 103,            0.022563,            0.010648,          0.00051408,             0.94968,             0.96172,             0.97954,             0.62867,             0.02472,           0.0073318,          0.00076068,            0.004951,            0.004951,            0.004951
                 104,            0.022488,            0.010559,          0.00046301,             0.98093,             0.95697,             0.98378,             0.65357,            0.024486,           0.0071721,          0.00078917,           0.0049015,           0.0049015,           0.0049015
                 105,            0.022642,            0.010481,          0.00043495,             0.98966,             0.90618,             0.97737,             0.63291,            0.025045,            0.007367,           0.0006047,            0.004852,            0.004852,            0.004852
                 106,            0.022106,            0.010565,          0.00030508,             0.96961,             0.93473,             0.96267,             0.62534,             0.02517,           0.0072717,          0.00084001,           0.0048025,           0.0048025,           0.0048025
                 107,            0.021988,             0.01064,          0.00038423,             0.97157,             0.95461,             0.98161,             0.63787,            0.024884,           0.0074634,          0.00073336,            0.004753,            0.004753,            0.004753
                 108,            0.022132,            0.010231,          0.00057828,             0.95922,             0.95526,              0.9819,             0.64766,            0.024658,            0.007458,          0.00052642,           0.0047035,           0.0047035,           0.0047035
                 109,            0.022308,            0.010358,          0.00031977,             0.98988,             0.93792,             0.97477,             0.63958,            0.025002,            0.007373,           0.0006196,            0.004654,            0.004654,            0.004654
                 110,            0.021897,            0.010398,          0.00027558,              0.9657,             0.90428,             0.95801,             0.63039,            0.025452,           0.0074634,           0.0012911,           0.0046045,           0.0046045,           0.0046045
                 111,            0.022187,            0.010348,          0.00049259,             0.98726,             0.92698,             0.95911,             0.62945,            0.024779,           0.0074232,          0.00099942,            0.004555,            0.004555,            0.004555
                 112,            0.021893,            0.010528,          0.00031085,             0.93431,             0.93336,             0.95323,             0.63524,            0.024498,           0.0075343,           0.0012591,           0.0045055,           0.0045055,           0.0045055
                 113,            0.022169,            0.010058,          0.00038134,             0.94621,             0.90301,             0.95108,             0.62899,            0.024938,           0.0074064,           0.0012569,            0.004456,            0.004456,            0.004456
                 114,            0.022126,            0.010353,          0.00039923,             0.94257,              0.9211,             0.95442,             0.62893,            0.024903,           0.0075063,           0.0010909,           0.0044065,           0.0044065,           0.0044065
                 115,            0.021839,            0.010358,          0.00038479,              0.9842,             0.91085,             0.97758,             0.63754,            0.025043,           0.0073952,          0.00094486,            0.004357,            0.004357,            0.004357
                 116,            0.021615,            0.010295,          0.00041116,             0.95793,             0.91032,             0.95579,             0.63689,            0.024812,           0.0074181,           0.0010665,           0.0043075,           0.0043075,           0.0043075
                 117,            0.021393,            0.010123,           0.0002589,             0.96573,             0.95564,             0.98579,              0.6484,            0.024533,           0.0073401,           0.0015227,            0.004258,            0.004258,            0.004258
                 118,              0.0216,             0.01019,          0.00031445,             0.97742,                 0.9,             0.96118,             0.62902,            0.024649,           0.0075368,           0.0012412,           0.0042085,           0.0042085,           0.0042085
                 119,            0.021415,            0.010096,          0.00035287,             0.98231,             0.95674,             0.97713,             0.63794,            0.024765,           0.0074503,          0.00077293,            0.004159,            0.004159,            0.004159
                 120,            0.021566,            0.010208,          0.00034634,             0.98032,             0.93364,             0.97485,             0.63721,            0.024299,           0.0074957,           0.0010545,           0.0041095,           0.0041095,           0.0041095
                 121,            0.021315,             0.01015,          0.00029301,             0.98792,             0.92111,             0.97995,             0.63649,            0.024519,           0.0076092,          0.00096891,             0.00406,             0.00406,             0.00406
                 122,            0.021303,            0.010118,          0.00033645,             0.93617,              0.9437,             0.97548,             0.63985,            0.024367,           0.0073929,           0.0008788,           0.0040105,           0.0040105,           0.0040105
                 123,            0.021207,            0.010138,          0.00033658,             0.97562,             0.93453,             0.97087,             0.63172,            0.024486,             0.00742,           0.0010674,            0.003961,            0.003961,            0.003961
                 124,            0.021136,           0.0099083,          0.00025308,             0.98942,             0.91344,               0.969,             0.64171,            0.024186,            0.007415,           0.0011272,           0.0039115,           0.0039115,           0.0039115
                 125,            0.021339,           0.0098351,          0.00025992,             0.97759,             0.90992,             0.96042,             0.63132,            0.024362,           0.0073642,           0.0011567,            0.003862,            0.003862,            0.003862
                 126,            0.020907,           0.0098231,          0.00019014,             0.93999,             0.95836,             0.97391,             0.63354,            0.024187,           0.0074768,           0.0011068,           0.0038125,           0.0038125,           0.0038125
                 127,            0.021344,           0.0099428,          0.00028063,             0.93953,             0.94501,             0.97696,             0.64089,            0.024094,            0.007451,           0.0012752,            0.003763,            0.003763,            0.003763
                 128,            0.021128,           0.0098278,          0.00039382,             0.98326,             0.88323,              0.9582,             0.63316,            0.024378,           0.0076501,          0.00081594,           0.0037135,           0.0037135,           0.0037135
                 129,            0.021045,           0.0097432,          0.00027159,             0.95656,             0.94819,             0.96142,             0.62577,            0.024214,           0.0078168,           0.0010451,            0.003664,            0.003664,            0.003664
                 130,            0.021159,            0.010017,          0.00038302,             0.97102,             0.91573,             0.96108,             0.63001,             0.02437,            0.007756,          0.00084027,           0.0036145,           0.0036145,           0.0036145
                 131,            0.020615,           0.0098654,          0.00029222,             0.97729,             0.92101,             0.96621,             0.63913,            0.024423,           0.0077253,          0.00086417,            0.003565,            0.003565,            0.003565
                 132,            0.020572,           0.0097048,          0.00029817,             0.97687,             0.89798,             0.95819,             0.64197,            0.024455,           0.0077812,          0.00058288,           0.0035155,           0.0035155,           0.0035155
                 133,             0.02078,           0.0098001,          0.00031442,             0.98896,             0.88972,             0.95818,             0.63959,             0.02453,           0.0076938,          0.00056553,            0.003466,            0.003466,            0.003466
                 134,            0.020578,           0.0097734,          0.00032758,             0.94409,              0.9228,             0.96219,             0.63235,            0.024439,           0.0076263,          0.00050604,           0.0034165,           0.0034165,           0.0034165
                 135,            0.020747,           0.0097496,          0.00020591,             0.94238,             0.92928,             0.96035,              0.6405,            0.024233,           0.0076014,          0.00051672,            0.003367,            0.003367,            0.003367
                 136,             0.02048,           0.0096459,           0.0002043,             0.95709,              0.9033,             0.95592,             0.63166,            0.024453,           0.0075801,          0.00059357,           0.0033175,           0.0033175,           0.0033175
                 137,            0.020193,           0.0096502,          0.00025328,             0.93705,             0.93366,             0.96367,              0.6476,            0.024572,           0.0075448,          0.00097563,            0.003268,            0.003268,            0.003268
                 138,            0.020385,           0.0097376,          0.00033925,             0.97773,             0.88032,             0.96277,             0.63989,            0.024281,           0.0076328,           0.0010773,           0.0032185,           0.0032185,           0.0032185
                 139,            0.020478,           0.0097984,          0.00042118,             0.96332,             0.93923,              0.9687,             0.64303,            0.024294,           0.0075667,           0.0007256,            0.003169,            0.003169,            0.003169
                 140,            0.020621,           0.0096661,          0.00052587,             0.93852,             0.93837,             0.96296,             0.64796,              0.0243,           0.0075398,          0.00088551,           0.0031195,           0.0031195,           0.0031195
                 141,             0.02021,           0.0096649,          0.00031422,             0.98162,             0.89915,             0.95508,              0.6375,             0.02408,           0.0075345,           0.0012808,             0.00307,             0.00307,             0.00307
                 142,            0.020278,           0.0094383,          0.00026051,             0.95315,              0.9508,             0.97506,             0.63859,            0.024295,           0.0076862,           0.0011394,           0.0030205,           0.0030205,           0.0030205
                 143,            0.020201,           0.0095552,          0.00038032,             0.92848,             0.94806,             0.97635,             0.64016,            0.024042,           0.0076922,            0.001064,            0.002971,            0.002971,            0.002971
                 144,             0.02015,             0.00957,          0.00031039,             0.94604,             0.96566,             0.98189,             0.63595,            0.024391,           0.0075305,          0.00099678,           0.0029215,           0.0029215,           0.0029215
                 145,            0.019974,           0.0094753,          0.00026043,             0.93003,             0.95862,             0.97545,             0.63348,            0.024484,            0.007576,          0.00088866,            0.002872,            0.002872,            0.002872
                 146,            0.019658,           0.0094152,          0.00019617,             0.91917,             0.97174,             0.97659,             0.64126,            0.024266,           0.0075318,          0.00077412,           0.0028225,           0.0028225,           0.0028225
                 147,            0.019858,           0.0095358,          0.00022167,             0.92584,             0.96436,             0.97794,              0.6411,            0.024444,           0.0076776,          0.00078397,            0.002773,            0.002773,            0.002773
                 148,            0.019767,           0.0096777,          0.00019536,             0.95476,             0.97763,             0.98162,              0.6384,            0.024529,           0.0075758,          0.00057024,           0.0027235,           0.0027235,           0.0027235
                 149,            0.019685,            0.009452,          0.00021601,             0.98764,             0.90096,             0.96277,             0.64188,            0.024268,           0.0076312,          0.00060453,            0.002674,            0.002674,            0.002674
                 150,             0.01955,             0.00939,          0.00026475,             0.96281,             0.91926,             0.96378,             0.64842,            0.024232,             0.00763,          0.00083832,           0.0026245,           0.0026245,           0.0026245
                 151,            0.019393,            0.009231,          0.00019198,             0.94308,              0.9371,             0.96141,             0.64337,            0.024253,           0.0077669,          0.00091472,            0.002575,            0.002575,            0.002575
                 152,            0.019371,            0.009376,          0.00017958,             0.98534,             0.91478,             0.96008,              0.6406,            0.024073,           0.0077324,          0.00081054,           0.0025255,           0.0025255,           0.0025255
                 153,             0.01904,           0.0091658,          0.00025166,             0.98941,              0.9157,             0.96527,             0.64633,            0.024037,           0.0077545,          0.00076433,            0.002476,            0.002476,            0.002476
                 154,            0.019326,           0.0093458,          0.00025338,             0.98913,              0.9187,              0.9679,             0.64471,            0.024238,           0.0077368,          0.00088644,           0.0024265,           0.0024265,           0.0024265
                 155,            0.019309,           0.0091443,           0.0002355,             0.98419,             0.91124,             0.96198,             0.64626,            0.024268,           0.0077008,           0.0009671,            0.002377,            0.002377,            0.002377
                 156,            0.019189,           0.0092878,          0.00026561,             0.96977,             0.93993,             0.97941,             0.65529,            0.024287,            0.007653,          0.00087454,           0.0023275,           0.0023275,           0.0023275
                 157,            0.019183,             0.00911,          0.00015205,             0.98568,             0.93015,             0.97983,             0.65208,            0.024259,           0.0076971,          0.00088244,            0.002278,            0.002278,            0.002278
                 158,            0.019287,           0.0091292,          0.00021958,             0.98638,             0.92446,             0.97966,             0.64833,            0.024533,           0.0077454,          0.00087933,           0.0022285,           0.0022285,           0.0022285
                 159,            0.018936,           0.0092746,          0.00018863,             0.98312,             0.92885,             0.97738,              0.6502,            0.024458,            0.007712,          0.00096684,            0.002179,            0.002179,            0.002179
                 160,             0.01878,           0.0093001,          0.00017147,             0.98777,             0.91733,              0.9793,             0.64363,            0.024585,           0.0077073,           0.0010479,           0.0021295,           0.0021295,           0.0021295
                 161,            0.019122,           0.0090372,          0.00014374,             0.94852,             0.91651,             0.96259,             0.64338,            0.024667,           0.0077176,           0.0012329,             0.00208,             0.00208,             0.00208
                 162,            0.018986,           0.0091938,          0.00026066,             0.93904,             0.92554,             0.96366,             0.64328,            0.024647,           0.0077912,           0.0012488,           0.0020305,           0.0020305,           0.0020305
                 163,            0.018667,           0.0090951,          0.00018385,             0.96915,             0.89798,             0.96083,             0.64201,            0.024603,           0.0078553,          0.00098444,            0.001981,            0.001981,            0.001981
                 164,            0.018692,           0.0090325,          0.00018149,             0.96079,              0.9231,             0.96082,             0.63835,            0.024423,           0.0078562,           0.0010955,           0.0019315,           0.0019315,           0.0019315
                 165,            0.018784,           0.0089514,          0.00014804,             0.97421,             0.94068,             0.97695,             0.64837,            0.024446,           0.0078663,           0.0011509,            0.001882,            0.001882,            0.001882
                 166,            0.018726,           0.0090234,          0.00018329,             0.98824,             0.89956,             0.96102,             0.64962,            0.024481,           0.0078476,           0.0010256,           0.0018325,           0.0018325,           0.0018325
                 167,            0.018671,           0.0087836,          0.00010442,             0.96866,             0.95544,             0.98208,               0.654,            0.024462,           0.0078454,          0.00092976,            0.001783,            0.001783,            0.001783
                 168,            0.018437,           0.0091119,          0.00019965,             0.96714,             0.93934,             0.97974,              0.6553,            0.024307,             0.00789,          0.00094463,           0.0017335,           0.0017335,           0.0017335
                 169,            0.018197,            0.008911,          0.00014879,             0.97142,             0.94181,             0.96747,              0.6503,            0.024101,            0.007918,          0.00095235,            0.001684,            0.001684,            0.001684
                 170,            0.018183,           0.0088208,          0.00015118,             0.97705,             0.93751,             0.96438,              0.6481,            0.024028,           0.0079185,            0.001082,           0.0016345,           0.0016345,           0.0016345
                 171,             0.01817,           0.0087954,          0.00016998,             0.97749,             0.93868,              0.9656,             0.64354,            0.024161,           0.0079273,            0.000985,            0.001585,            0.001585,            0.001585
                 172,            0.018371,           0.0089344,          0.00018545,             0.97166,             0.95813,             0.98082,              0.6493,            0.024284,           0.0079397,          0.00096574,           0.0015355,           0.0015355,           0.0015355
                 173,            0.018238,           0.0088774,          0.00014668,             0.97128,             0.94097,             0.98191,             0.65317,            0.024494,           0.0079296,          0.00099002,            0.001486,            0.001486,            0.001486
                 174,            0.018487,           0.0090979,          0.00020529,             0.97657,             0.93645,             0.98091,             0.65253,             0.02449,           0.0079796,           0.0010691,           0.0014365,           0.0014365,           0.0014365
                 175,            0.017951,           0.0086721,           0.0001315,             0.98323,             0.93702,             0.97961,             0.65776,             0.02466,           0.0080321,            0.001121,            0.001387,            0.001387,            0.001387
                 176,            0.017731,            0.008713,          0.00011549,             0.98162,             0.93734,             0.97492,             0.64868,            0.024638,           0.0080135,           0.0011578,           0.0013375,           0.0013375,           0.0013375
                 177,             0.01777,           0.0087132,          0.00010756,             0.97971,             0.93647,             0.96271,             0.64784,            0.024585,           0.0080419,           0.0011053,            0.001288,            0.001288,            0.001288
                 178,            0.017833,           0.0084872,          0.00013824,               0.983,             0.93216,             0.97872,             0.65496,            0.024397,           0.0080385,            0.001067,           0.0012385,           0.0012385,           0.0012385
                 179,            0.017685,            0.008746,          0.00011973,             0.98353,             0.93124,             0.97755,             0.65544,            0.024276,           0.0080519,           0.0010598,            0.001189,            0.001189,            0.001189
                 180,            0.017835,           0.0087904,          0.00013131,             0.98299,             0.93505,             0.97886,             0.65655,            0.024259,           0.0080532,           0.0010139,           0.0011395,           0.0011395,           0.0011395
                 181,            0.017871,           0.0088394,          0.00015236,             0.98377,             0.91232,             0.96301,             0.65716,            0.024189,           0.0080697,           0.0010137,             0.00109,             0.00109,             0.00109
                 182,            0.017861,           0.0086203,          0.00015581,             0.98333,             0.91282,             0.96195,             0.65777,            0.024158,           0.0081144,           0.0011272,           0.0010405,           0.0010405,           0.0010405
                 183,            0.017393,           0.0086298,           0.0001058,             0.98437,             0.93566,             0.97781,             0.65444,            0.024242,            0.008077,            0.001117,            0.000991,            0.000991,            0.000991
                 184,            0.017585,           0.0086025,          0.00016395,             0.98498,             0.93603,             0.97783,             0.65633,            0.024304,           0.0080563,           0.0011425,           0.0009415,           0.0009415,           0.0009415
                 185,            0.017211,           0.0084872,          0.00013184,              0.9867,             0.93834,             0.97726,             0.65901,            0.024366,           0.0080391,           0.0011369,            0.000892,            0.000892,            0.000892
                 186,            0.017478,           0.0086146,          0.00022681,             0.98444,             0.93621,             0.97718,             0.65774,            0.024409,           0.0080377,           0.0011574,           0.0008425,           0.0008425,           0.0008425
                 187,            0.017336,           0.0085136,          0.00014905,             0.98904,             0.94003,             0.97815,             0.65672,            0.024432,            0.008019,           0.0012407,            0.000793,            0.000793,            0.000793
                 188,            0.017051,           0.0084674,          0.00016321,             0.98403,              0.9372,             0.97815,             0.65804,            0.024477,            0.007992,           0.0013052,           0.0007435,           0.0007435,           0.0007435
                 189,            0.017043,           0.0084742,          0.00011428,             0.98523,              0.9372,             0.97954,             0.65679,            0.024517,           0.0080355,           0.0012506,            0.000694,            0.000694,            0.000694
                 190,            0.017294,           0.0083537,          0.00023038,             0.98571,              0.9372,             0.97952,             0.65533,            0.024546,           0.0080878,           0.0011204,           0.0006445,           0.0006445,           0.0006445
                 191,             0.01707,           0.0085374,          0.00020447,             0.98667,             0.93636,             0.97944,             0.65478,             0.02456,           0.0081346,           0.0010654,            0.000595,            0.000595,            0.000595
                 192,            0.016968,           0.0085488,          0.00019619,             0.98696,             0.93414,             0.97986,             0.65752,            0.024562,           0.0081439,           0.0010861,           0.0005455,           0.0005455,           0.0005455
                 193,            0.016899,             0.00856,          0.00011349,             0.98575,             0.93574,             0.98067,             0.65221,            0.024626,           0.0081243,           0.0011649,            0.000496,            0.000496,            0.000496
                 194,            0.016656,           0.0083693,          0.00018617,             0.96638,             0.91956,             0.96333,             0.65322,            0.024652,            0.008151,           0.0012407,           0.0004465,           0.0004465,           0.0004465
                 195,             0.01673,           0.0085411,          0.00013713,             0.96834,             0.91937,              0.9627,             0.64962,            0.024636,           0.0081804,           0.0012161,            0.000397,            0.000397,            0.000397
                 196,            0.016794,           0.0084352,          0.00014984,             0.97011,             0.91895,             0.96454,             0.65063,            0.024662,           0.0081804,           0.0012042,           0.0003475,           0.0003475,           0.0003475
                 197,            0.016813,            0.008347,          7.9437e-05,             0.96542,             0.91937,             0.96456,             0.65152,            0.024692,           0.0082045,           0.0011853,            0.000298,            0.000298,            0.000298
                 198,            0.016803,           0.0085251,          0.00014625,             0.96535,             0.91937,             0.96481,             0.64554,            0.024697,           0.0082315,           0.0011812,           0.0002485,           0.0002485,           0.0002485
                 199,             0.01673,           0.0084988,          8.8284e-05,             0.96707,             0.91582,             0.96551,             0.64748,            0.024702,            0.008236,           0.0011751,            0.000199,            0.000199,            0.000199
